annanorth;1
matthewgoldstein;2
davidgelles;3
damondarlin;4
nicholasconfessore;5
jennawortham;6
johnmarkoff;7
kathrynvarn;8
johndorman;9
nickcorasaniti;10
eleanorrandolph;11
andrewsorkin;12
loriholcombholland;13
andrewrevkin;14
alanwong;15
jessicasilvergreenberg;16
jeremyegner;17
nathanielpopper;18
sarahseltzer;19
helenverongos;20
charusuri;21
ericlichtblau;22
michaelcorkery;23
markscott;24
joshuabarone;25
janhoffman;26
andreakannapell;27
juliebaumgardner;28
katedonnelly;29
amychozick;30
michaelde la merced;31
robertmackey;32
daveitzkoff;33
diditatlow;34
judithwarner;35
markbittman;36
andrewchow;37
benratliff;38
peterbaker;39
chrisbuckley;40
dorothysamuels;41
nickwingfield;42
emmariehuetteman;43
petereavis;44
michaelpaulson;45
sydneyember;46
janeperlez;47
gilbertcruz;48
anahadoconnor;49
mikaylabouchard;50
jonathanweisman;51
grahambowley;52
trobinson;53
alexandraalter;54
danielvictor;55
joecoscarelli;56
jeremypeters;57
maggiehaberman;58
robinpogrebin;59
mollywood;60
shivanivora;61
markleibovich;62
mekadomurphy;63
firstdraft;64
stevensolomon;65
kevinmcgarry;66
elenaschneider;67
johnnymagdaleno;68
rossdouthat;69
vindugoel;70
kathrynshattuck;71
juliedavis;72
sethkugel;73
francisclines;74
taraparkerpope;75
richardsandomir;76
coraldavenport;77
scottreyburn;78
andrewrosenthal;79
saralieberman;80
jorifinkel;81
carolgiacomo;82
bensisario;83
mattbeardmore;84
marietessier;85
natashasinger;86
josephakel;87
hilarymoss;88
hirokotabuchi;89
evianahartman;90
brianchen;91
marissamuller;92
michaelcieply;93
vikasbajaj;94
erikaallen;95
lydiapolgreen;96
erikpiepenburg;97
debamlen;98
jimrutenberg;99
internationaltribune;100
alanrappeport;101
mikehale;102
tripgabriel;103
ashleysouthall;104
lawrencedownes;105
jessyu;106
jenniferschuessler;107
nicholasbakalar;108
alexandriasymonds;109
ashleyparker;110
jonathanmartin;111
malinagilchrist;112
catherinelouis;113
juliaioffe;114
stevelohr;115
renatamosci;116
anncarrns;117
benprotess;118
williamgrimes;119
quentinhardy;120
roslynsulcas;121
andrewsiddons;122
dinograndoni;123
libbyhill;124
lisasanders;125
tommashberg;126
jacobbernstein;127
alainnabeddie;128
michaelcooper;129
mikeisaac;130
davidsegal;131
aimeefarrell;132
davetaft;133
brucefretts;134
paulkrugman;135
deborahneedleman;136
brookebobb;137
rachelsyme;138
daviddunlap;139
dianedaniel;140
teresatritch;141
sergekovaleski;142
mashagoncharova;143
liamstack;144
williamalden;145
neilgenzlinger;146
matthewschneier;147
jennyanderson;148
thomasgaffney;149
sarahmoroz;150
patrickhealy;151
juliapreston;152
elaineglusac;153
conordougherty;154
cathyhoryn;155
susangubar;156
louisbayard;157
sarahlyall;158
davidstreitfeld;159
haleymlotek;160
landonthomas;161
ashleywinchester;162
esingoknar;163
michaelschmidt;164
rebeccaruiz;165
jasonhorowitz;166
emilybazelon;167
brentstaples;168
denisegrady;169
johnwilliams;170
carabuckley;171
florencefabricant;172
ianjohnson;173
nicoleperlroth;174
nathanreese;175
rachelharris;176
brooksbarnes;177
nicholasfandos;178
danajennings;179
suwu;180
farhadmanjoo;181
kjdellantonia;182
susanlehman;183
jessewegman;184
michaelbarbaro;185
