"annanorth";"0"
"matthewgoldstein";"0"
"davidgelles";"0"
"damondarlin";"0"
"nicholasconfessore";"0"
"jennawortham";"0"
"johnmarkoff";"0"
"kathrynvarn";"0"
"johndorman";"0"
"nickcorasaniti";"0"
"eleanorrandolph";"0"
"andrewsorkin";"0"
"loriholcombholland";"0"
"andrewrevkin";"0"
"alanwong";"0"
"jessicasilvergreenberg";"0"
"jeremyegner";"0"
"nathanielpopper";"0"
"sarahseltzer";"0"
"helenverongos";"0"
"charusuri";"0"
"ericlichtblau";"0"
"michaelcorkery";"0"
"markscott";"0"
"joshuabarone";"0"
"janhoffman";"0"
"andreakannapell";"0"
"juliebaumgardner";"0"
"katedonnelly";"0"
"amychozick";"0"
"michaelde la merced";"0"
"robertmackey";"0"
"daveitzkoff";"0"
"diditatlow";"0"
"judithwarner";"0"
"markbittman";"0"
"andrewchow";"0"
"benratliff";"0"
"peterbaker";"0"
"chrisbuckley";"0"
"dorothysamuels";"0"
"nickwingfield";"0"
"emmariehuetteman";"0"
"petereavis";"0"
"michaelpaulson";"0"
"sydneyember";"0"
"janeperlez";"0"
"gilbertcruz";"0"
"anahadoconnor";"0"
"mikaylabouchard";"0"
"jonathanweisman";"0"
"grahambowley";"0"
"trobinson";"0"
"alexandraalter";"0"
"danielvictor";"0"
"joecoscarelli";"0"
"jeremypeters";"0"
"maggiehaberman";"0"
"robinpogrebin";"0"
"mollywood";"0"
"shivanivora";"0"
"markleibovich";"0"
"mekadomurphy";"0"
"firstdraft";"0"
"stevensolomon";"0"
"kevinmcgarry";"0"
"elenaschneider";"0"
"johnnymagdaleno";"0"
"rossdouthat";"0"
"vindugoel";"0"
"kathrynshattuck";"0"
"juliedavis";"0"
"sethkugel";"0"
"francisclines";"0"
"taraparkerpope";"0"
"richardsandomir";"0"
"coraldavenport";"0"
"scottreyburn";"0"
"andrewrosenthal";"0"
"saralieberman";"0"
"jorifinkel";"0"
"carolgiacomo";"0"
"bensisario";"0"
"mattbeardmore";"0"
"marietessier";"0"
"natashasinger";"0"
"josephakel";"0"
"hilarymoss";"0"
"hirokotabuchi";"0"
"evianahartman";"0"
"brianchen";"0"
"marissamuller";"0"
"michaelcieply";"0"
"vikasbajaj";"0"
"erikaallen";"0"
"lydiapolgreen";"0"
"erikpiepenburg";"0"
"debamlen";"0"
"jimrutenberg";"0"
"internationaltribune";"0"
"alanrappeport";"0"
"mikehale";"0"
"tripgabriel";"0"
"ashleysouthall";"0"
"lawrencedownes";"0"
"jessyu";"0"
"jenniferschuessler";"0"
"nicholasbakalar";"0"
"alexandriasymonds";"0"
"ashleyparker";"0"
"jonathanmartin";"0"
"malinagilchrist";"0"
"catherinelouis";"0"
"juliaioffe";"0"
"stevelohr";"0"
"renatamosci";"0"
"anncarrns";"0"
"benprotess";"0"
"williamgrimes";"0"
"quentinhardy";"0"
"roslynsulcas";"0"
"andrewsiddons";"0"
"dinograndoni";"0"
"libbyhill";"0"
"lisasanders";"0"
"tommashberg";"0"
"jacobbernstein";"0"
"alainnabeddie";"0"
"michaelcooper";"0"
"mikeisaac";"0"
"davidsegal";"0"
"aimeefarrell";"0"
"davetaft";"0"
"brucefretts";"0"
"paulkrugman";"0"
"deborahneedleman";"0"
"brookebobb";"0"
"rachelsyme";"0"
"daviddunlap";"0"
"dianedaniel";"0"
"teresatritch";"0"
"sergekovaleski";"0"
"mashagoncharova";"0"
"liamstack";"0"
"williamalden";"0"
"neilgenzlinger";"0"
"matthewschneier";"0"
"jennyanderson";"0"
"thomasgaffney";"0"
"sarahmoroz";"0"
"patrickhealy";"0"
"juliapreston";"0"
"elaineglusac";"0"
"conordougherty";"0"
"cathyhoryn";"0"
"susangubar";"0"
"louisbayard";"0"
"sarahlyall";"0"
"davidstreitfeld";"0"
"haleymlotek";"0"
"landonthomas";"0"
"ashleywinchester";"0"
"esingoknar";"0"
"michaelschmidt";"0"
"rebeccaruiz";"0"
"jasonhorowitz";"0"
"emilybazelon";"0"
"brentstaples";"0"
"denisegrady";"0"
"johnwilliams";"0"
"carabuckley";"0"
"florencefabricant";"0"
"ianjohnson";"0"
"nicoleperlroth";"0"
"nathanreese";"0"
"rachelharris";"0"
"brooksbarnes";"0"
"nicholasfandos";"0"
"danajennings";"0"
"suwu";"0"
"farhadmanjoo";"0"
"kjdellantonia";"0"
"susanlehman";"0"
"jessewegman";"0"
"michaelbarbaro";"0"
