"cancel";"0"
"german";"0"
"ultim";"0"
"half";"0"
"spoke";"0"
"hall";"0"
"analysi";"0"
"pretend";"0"
"youth";"0"
"oversea";"0"
"youv";"0"
"tea";"0"
"ted";"0"
"pick";"0"
"brooklyn";"0"
"disea";"0"
"ten";"0"
"prison";"0"
"youd";"0"
"sister";"0"
"solid";"0"
"intellectu";"0"
"gabriel";"0"
"possess";"0"
"journalist";"0"
"size";"0"
"wing";"0"
"wine";"0"
"besid";"0"
"wind";"0"
"object";"0"
"chapter";"0"
"flight";"0"
"advoc";"0"
"hang";"0"
"cliff";"0"
"ahead";"0"
"engag";"0"
"roll";"0"
"elect";"0"
"gold";"0"
"quiet";"0"
"surfac";"0"
"connect";"0"
"demelza";"0"
"enorm";"0"
"address";"0"
"salt";"0"
"costum";"0"
"tradit";"0"
"blood";"0"
"neighbor";"0"
"straight";"0"
"yorker";"0"
"photograph";"0"
"overwhelm";"0"
"blue";"0"
"throw";"0"
"thank";"0"
"obvious";"0"
"fifth";"0"
"imag";"0"
"goe";"0"
"demonstr";"0"
"god";"0"
"wrap";"0"
"novel";"0"
"standard";"0"
"violent";"0"
"incid";"0"
"correct";"0"
"broadway";"0"
"reader";"0"
"ladi";"0"
"confront";"0"
"advic";"0"
"gov";"0"
"wish";"0"
"violenc";"0"
"miami";"0"
"tie";"0"
"fantasi";"0"
"pac";"0"
"serious";"0"
"tim";"0"
"tip";"0"
"giuliani";"0"
"laugh";"0"
"murder";"0"
"emot";"0"
"european";"0"
"intim";"0"
"reduc";"0"
"check";"0"
"andrew";"0"
"onto";"0"
"gone";"0"
"lack";"0"
"resolut";"0"
"child";"0"
"hundr";"0"
"fortun";"0"
"ensur";"0"
"harm";"0"
"rope";"0"
"primari";"0"
"samsung";"0"
"determin";"0"
"grandmoth";"0"
"germani";"0"
"root";"0"
"combin";"0"
"patrick";"0"
"ridicul";"0"
"kalinda";"0"
"lend";"0"
"bruce";"0"
"societi";"0"
"peac";"0"
"ticket";"0"
"tweet";"0"
"portrait";"0"
"cheer";"0"
"energi";"0"
"complaint";"0"
"victori";"0"
"analyst";"0"
"cancer";"0"
"jindal";"0"
"empti";"0"
"mortgag";"0"
"channel";"0"
"desir";"0"
"approach";"0"
"russia";"0"
"glimp";"0"
"struck";"0"
"hate";"0"
"block";"0"
"disagr";"0"
"flow";"0"
"wage";"0"
"therapist";"0"
"oscar";"0"
"colleagu";"0"
"period";"0"
"capabl";"0"
"africa";"0"
"inten";"0"
"proceed";"0"
"revenu";"0"
"dismiss";"0"
"crazi";"0"
"birth";"0"
"clu";"0"
"reform";"0"
"winner";"0"
"even";"0"
"coach";"0"
"champion";"0"
"larger";"0"
"gun";"0"
"wait";"0"
"circuit";"0"
"queen";"0"
"ceremoni";"0"
"save";"0"
"institut";"0"
"guy";"0"
"footag";"0"
"restrict";"0"
"articl";"0"
"kentucki";"0"
"youtub";"0"
"saul";"0"
"tom";"0"
"shortz";"0"
"peer";"0"
"presum";"0"
"crimin";"0"
"avail";"0"
"laid";"0"
"famous";"0"
"bought";"0"
"premier";"0"
"spirit";"0"
"ross";"0"
"asian";"0"
"documentari";"0"
"hacker";"0"
"regard";"0"
"meanwhil";"0"
"rose";"0"
"instanc";"0"
"thousand";"0"
"infect";"0"
"instal";"0"
"tonight";"0"
"prohibit";"0"
"minor";"0"
"cop";"0"
"fuel";"0"
"marijuana";"0"
"motiv";"0"
"wake";"0"
"biggest";"0"
"earlier";"0"
"judgment";"0"
"function";"0"
"west";"0"
"plenti";"0"
"stock";"0"
"prai";"0"
"traffic";"0"
"armi";"0"
"matthew";"0"
"pigeon";"0"
"actress";"0"
"terror";"0"
"evid";"0"
"voic";"0"
"lay";"0"
"rout";"0"
"omalley";"0"
"absolut";"0"
"translat";"0"
"uniqu";"0"
"welcom";"0"
"carter";"0"
"snow";"0"
"evil";"0"
"governor";"0"
"virginia";"0"
"basic";"0"
"twist";"0"
"websit";"0"
"weve";"0"
"troop";"0"
"wound";"0"
"teacher";"0"
"distanc";"0"
"extra";"0"
"saidth";"0"
"land";"0"
"theyr";"0"
"victim";"0"
"cri";"0"
"floor";"0"
"theyv";"0"
"conver";"0"
"encourag";"0"
"burn";"0"
"buri";"0"
"italian";"0"
"doctor";"0"
"alicia";"0"
"conduct";"0"
"respond";"0"
"sport";"0"
"caught";"0"
"cultur";"0"
"gotten";"0"
"japan";"0"
"liberti";"0"
"kennedi";"0"
"concert";"0"
"led";"0"
"lee";"0"
"concern";"0"
"leg";"0"
"mobil";"0"
"password";"0"
"impo";"0"
"mountain";"0"
"eventu";"0"
"press";"0"
"worker";"0"
"element";"0"
"pace";"0"
"havent";"0"
"realiti";"0"
"ballet";"0"
"pack";"0"
"evolv";"0"
"kong";"0"
"marri";"0"
"creativ";"0"
"creditor";"0"
"anim";"0"
"suppli";"0"
"cup";"0"
"document";"0"
"otherwi";"0"
"prize";"0"
"anyway";"0"
"pop";"0"
"tear";"0"
"pot";"0"
"attach";"0"
"scrutini";"0"
"kitchen";"0"
"shout";"0"
"advantag";"0"
"convict";"0"
"resourc";"0"
"think";"0"
"manhattan";"0"
"telephon";"0"
"religion";"0"
"charg";"0"
"charm";"0"
"charl";"0"
"lyric";"0"
"yearold";"0"
"chart";"0"
"fashion";"0"
"definit";"0"
"nixon";"0"
"attend";"0"
"smith";"0"
"safra";"0"
"lie";"0"
"prepar";"0"
"structur";"0"
"shoot";"0"
"hat";"0"
"budget";"0"
"tech";"0"
"doubl";"0"
"glass";"0"
"tension";"0"
"eastern";"0"
"guilti";"0"
"last";"0"
"adapt";"0"
"eric";"0"
"wash";"0"
"doubt";"0"
"weight";"0"
"fundrai";"0"
"funni";"0"
"warn";"0"
"warm";"0"
"nomin";"0"
"attent";"0"
"district";"0"
"page";"0"
"tini";"0"
"scientist";"0"
"concept";"0"
"awar";"0"
"jewish";"0"
"wave";"0"
"weapon";"0"
"puerto";"0"
"cathol";"0"
"stronger";"0"
"stare";"0"
"africanamerican";"0"
"pain";"0"
"yes";"0"
"pair";"0"
"equal";"0"
"chanc";"0"
"silicon";"0"
"paid";"0"
"unusu";"0"
"paig";"0"
"studio";"0"
"youll";"0"
"hed";"0"
"percept";"0"
"galleri";"0"
"put";"0"
"climb";"0"
"twitter";"0"
"golden";"0"
"payment";"0"
"enter";"0"
"trap";"0"
"heavili";"0"
"prioriti";"0"
"applic";"0"
"russian";"0"
"pressur";"0"
"iran";"0"
"lesson";"0"
"iraq";"0"
"destroy";"0"
"persuad";"0"
"coast";"0"
"chris";"0"
"memori";"0"
"light";"0"
"happi";"0"
"quot";"0"
"judg";"0"
"recogn";"0"
"tabl";"0"
"engin";"0"
"carson";"0"
"vehicl";"0"
"januari";"0"
"bright";"0"
"elsewh";"0"
"smart";"0"
"layer";"0"
"los";"0"
"low";"0"
"consult";"0"
"grown";"0"
"wealth";"0"
"meant";"0"
"editor";"0"
"chain";"0"
"outcom";"0"
"chair";"0"
"cycl";"0"
"struggl";"0"
"perspect";"0"
"chat";"0"
"fellow";"0"
"psycholog";"0"
"char";"0"
"garden";"0"
"travel";"0"
"door";"0"
"fiction";"0"
"dad";"0"
"husband";"0"
"licen";"0"
"hampshir";"0"
"listen";"0"
"dan";"0"
"hit";"0"
"shown";"0"
"disast";"0"
"abolitionist";"0"
"submiss";"0"
"magazin";"0"
"religi";"0"
"medicin";"0"
"beat";"0"
"interrupt";"0"
"bear";"0"
"affair";"0"
"titl";"0"
"inspir";"0"
"obtain";"0"
"gross";"0"
"island";"0"
"resist";"0"
"liter";"0"
"format";"0"
"tree";"0"
"purcha";"0"
"water";"0"
"formal";"0"
"twice";"0"
"exchang";"0"
"sustain";"0"
"achiev";"0"
"entertain";"0"
"scienc";"0"
"request";"0"
"mike";"0"
"part";"0"
"incom";"0"
"howard";"0"
"generat";"0"
"novemb";"0"
"unexpect";"0"
"debut";"0"
"tend";"0"
"general";"0"
"werent";"0"
"lender";"0"
"east";"0"
"therapi";"0"
"signatur";"0"
"relief";"0"
"pari";"0"
"easi";"0"
"park";"0"
"facil";"0"
"editori";"0"
"built";"0"
"bottl";"0"
"chef";"0"
"clean";"0"
"meal";"0"
"capitol";"0"
"third";"0"
"dramat";"0"
"earn";"0"
"neither";"0"
"meat";"0"
"cooper";"0"
"stack";"0"
"recov";"0"
"ident";"0"
"hasnt";"0"
"addit";"0"
"intellig";"0"
"path";"0"
"crack";"0"
"trip";"0"
"des";"0"
"preci";"0"
"crisi";"0"
"prece";"0"
"killer";"0"
"chicago";"0"
"beer";"0"
"jump";"0"
"prime";"0"
"perceiv";"0"
"mile";"0"
"grate";"0"
"shock";"0"
"impact";"0"
"mainstream";"0"
"especi";"0"
"percentag";"0"
"headquart";"0"
"ralli";"0"
"buyer";"0"
"senior";"0"
"nativ";"0"
"juli";"0"
"adult";"0"
"iphon";"0"
"preserv";"0"
"treatment";"0"
"troubl";"0"
"mirror";"0"
"depict";"0"
"sentenc";"0"
"alongsid";"0"
"hor";"0"
"corpor";"0"
"hot";"0"
"pursu";"0"
"journal";"0"
"grasp";"0"
"peter";"0"
"philadelphia";"0"
"hotel";"0"
"celebr";"0"
"regul";"0"
"spare";"0"
"mine";"0"
"mind";"0"
"marco";"0"
"televi";"0"
"staff";"0"
"opposit";"0"
"insid";"0"
"june";"0"
"stage";"0"
"afghanistan";"0"
"borrow";"0"
"inch";"0"
"paul";"0"
"deserv";"0"
"quarter";"0"
"hollywood";"0"
"london";"0"
"reserv";"0"
"beij";"0"
"tale";"0"
"trail";"0"
"convinc";"0"
"absurd";"0"
"bird";"0"
"club";"0"
"highway";"0"
"signal";"0"
"train";"0"
"richard";"0"
"accompani";"0"
"journey";"0"
"count";"0"
"exhaust";"0"
"repli";"0"
"brown";"0"
"vision";"0"
"blame";"0"
"octob";"0"
"chuck";"0"
"virtual";"0"
"loan";"0"
"session";"0"
"endless";"0"
"petit";"0"
"load";"0"
"goldman";"0"
"htc";"0"
"nuclear";"0"
"primarili";"0"
"divid";"0"
"asid";"0"
"owner";"0"
"coincid";"0"
"henri";"0"
"sold";"0"
"collabor";"0"
"jessa";"0"
"manufactur";"0"
"length";"0"
"babi";"0"
"monitor";"0"
"grand";"0"
"michael";"0"
"hole";"0"
"print";"0"
"condit";"0"
"juri";"0"
"interpret";"0"
"beach";"0"
"iron";"0"
"grant";"0"
"bitcoin";"0"
"spokeswoman";"0"
"occa";"0"
"lunch";"0"
"romney";"0"
"devot";"0"
"construct";"0"
"ignor";"0"
"attempt";"0"
"assembl";"0"
"influenc";"0"
"tape";"0"
"lock";"0"
"text";"0"
"pitch";"0"
"fear";"0"
"song";"0"
"anonym";"0"
"abil";"0"
"protest";"0"
"choo";"0"
"texa";"0"
"auster";"0"
"warner";"0"
"marin";"0"
"hong";"0"
"afford";"0"
"field";"0"
"singl";"0"
"veriti";"0"
"dog";"0"
"status";"0"
"don";"0"
"britain";"0"
"skin";"0"
"unfortun";"0"
"diver";"0"
"landscap";"0"
"mention";"0"
"eight";"0"
"robert";"0"
"mad";"0"
"file";"0"
"stream";"0"
"commiss";"0"
"steve";"0"
"crime";"0"
"surround";"0"
"map";"0"
"heavi";"0"
"dupont";"0"
"independ";"0"
"samesex";"0"
"hannah";"0"
"forward";"0"
"strike";"0"
"urg";"0"
"suprem";"0"
"prospect";"0"
"socal";"0"
"relev";"0"
"feet";"0"
"opera";"0"
"subject";"0"
"british";"0"
"main";"0"
"reput";"0"
"smile";"0"
"convent";"0"
"radio";"0"
"strip";"0"
"fine";"0"
"find";"0"
"host";"0"
"rubio";"0"
"dri";"0"
"radic";"0"
"credit";"0"
"alter";"0"
"citizen";"0"
"ideal";"0"
"carolina";"0"
"drove";"0"
"occur";"0"
"difficult";"0"
"failur";"0"
"presenc";"0"
"heart";"0"
"lawmak";"0"
"signif";"0"
"feed";"0"
"professor";"0"
"forget";"0"
"task";"0"
"marni";"0"
"transit";"0"
"background";"0"
"comedi";"0"
"true";"0"
"tast";"0"
"valley";"0"
"present";"0"
"harvard";"0"
"belong";"0"
"soul";"0"
"breath";"0"
"ball";"0"
"transform";"0"
"fundament";"0"
"competitor";"0"
"leadership";"0"
"repeat";"0"
"men";"0"
"capit";"0"
"met";"0"
"heard";"0"
"spokesman";"0"
"sought";"0"
"competit";"0"
"master";"0"
"stake";"0"
"due";"0"
"sculptur";"0"
"sander";"0"
"domest";"0"
"mere";"0"
"threat";"0"
"writer";"0"
"princip";"0"
"profess";"0"
"empha";"0"
"depend";"0"
"commit";"0"
"instagram";"0"
"danger";"0"
"crash";"0"
"cover";"0"
"reflect";"0"
"flexibl";"0"
"fire";"0"
"stick";"0"
"band";"0"
"immedi";"0"
"coordin";"0"
"august";"0"
"benefit";"0"
"labor";"0"
"symptom";"0"
"miller";"0"
"forgiv";"0"
"encount";"0"
"declar";"0"
"except";"0"
"male";"0"
"qualiti";"0"
"expen";"0"
"acquir";"0"
"saturday";"0"
"suppo";"0"
"lone";"0"
"global";"0"
"acquisit";"0"
"fell";"0"
"abus";"0"
"unless";"0"
"christian";"0"
"defin";"0"
"relationship";"0"
"mix";"0"
"reaction";"0"
"childhood";"0"
"appeal";"0"
"gordon";"0"
"entrepreneur";"0"
"face";"0"
"abandon";"0"
"afraid";"0"
"fish";"0"
"stan";"0"
"household";"0"
"progress";"0"
"open";"0"
"treat";"0"
"agent";"0"
"captur";"0"
"speci";"0"
"rapid";"0"
"seven";"0"
"ice";"0"
"whatev";"0"
"sever";"0"
"arent";"0"
"awkward";"0"
"california";"0"
"wood";"0"
"bare";"0"
"constructor";"0"
"wont";"0"
"abort";"0"
"concentr";"0"
"committ";"0"
"investig";"0"
"guid";"0"
"conflict";"0"
"romant";"0"
"squar";"0"
"arriv";"0"
"billionair";"0"
"rough";"0"
"lawsuit";"0"
"lord";"0"
"mass";"0"
"commerci";"0"
"proper";"0"
"detect";"0"
"expan";"0"
"bitter";"0"
"recal";"0"
"speed";"0"
"auction";"0"
"cofound";"0"
"admit";"0"
"poem";"0"
"charleston";"0"
"common";"0"
"appli";"0"
"admir";"0"
"poet";"0"
"defen";"0"
"twin";"0"
"mask";"0"
"middl";"0"
"healthi";"0"
"politician";"0"
"exposur";"0"
"compo";"0"
"frustrat";"0"
"insur";"0"
"resembl";"0"
"sherman";"0"
"popul";"0"
"mari";"0"
"basi";"0"
"excit";"0"
"mark";"0"
"indiana";"0"
"septemb";"0"
"minist";"0"
"trend";"0"
"safeti";"0"
"slaveri";"0"
"mom";"0"
"fair";"0"
"theori";"0"
"consist";"0"
"vulner";"0"
"loss";"0"
"humor";"0"
"atmosph";"0"
"lost";"0"
"berni";"0"
"van";"0"
"lose";"0"
"declin";"0"
"dancer";"0"
"fail";"0"
"disord";"0"
"restructur";"0"
"pride";"0"
"coverag";"0"
"broadcast";"0"
"gender";"0"
"architect";"0"
"church";"0"
"enjoy";"0"
"secret";"0"
"exten";"0"
"foreign";"0"
"slave";"0"
"ear";"0"
"eat";"0"
"loud";"0"
"finger";"0"
"loui";"0"
"facebook";"0"
"skeptic";"0"
"appropri";"0"
"agenda";"0"
"nice";"0"
"academi";"0"
"opinion";"0"
"excel";"0"
"agenc";"0"
"soldier";"0"
"fake";"0"
"averag";"0"
"abbot";"0"
"perfect";"0"
"prefer";"0"
"craft";"0"
"fewer";"0"
"alleg";"0"
"poll";"0"
"tight";"0"
"oppo";"0"
"simpl";"0"
"theater";"0"
"appar";"0"
"adverti";"0"
"spell";"0"
"bottom";"0"
"footbal";"0"
"edg";"0"
"purpo";"0"
"anticip";"0"
"christi";"0"
"phillip";"0"
"recruit";"0"
"speaker";"0"
"rodham";"0"
"frequent";"0"
"winter";"0"
"interact";"0"
"elder";"0"
"error";"0"
"platform";"0"
"network";"0"
"liber";"0"
"trace";"0"
"jackson";"0"
"briefli";"0"
"headlin";"0"
"track";"0"
"ind";"0"
"narrat";"0"
"spent";"0"
"stephen";"0"
"trader";"0"
"improv";"0"
"rush";"0"
"command";"0"
"unlik";"0"
"round";"0"
"immigr";"0"
"garrison";"0"
"growth";"0"
"comic";"0"
"retir";"0"
"controversi";"0"
"negat";"0"
"pope";"0"
"communist";"0"
"refus";"0"
"egg";"0"
"branch";"0"
"via";"0"
"score";"0"
"substanti";"0"
"poor";"0"
"visual";"0"
"farm";"0"
"volum";"0"
"communiti";"0"
"ran";"0"
"agreement";"0"
"instruct";"0"
"mayor";"0"
"illustr";"0"
"pool";"0"
"ray";"0"
"conserv";"0"
"guess";"0"
"handl";"0"
"guest";"0"
"economi";"0"
"detail";"0"
"boston";"0"
"southern";"0"
"fate";"0"
"contemporari";"0"
"wouldnt";"0"
"sleep";"0"
"aspect";"0"
"measur";"0"
"machin";"0"
"behavior";"0"
"scott";"0"
"musician";"0"
"meyer";"0"
"photo";"0"
"anniversari";"0"
"materi";"0"
"weird";"0"
"fast";"0"
"mandat";"0"
"spin";"0"
"sweet";"0"
"isi";"0"
"longterm";"0"
"nine";"0"
"rural";"0"
"contribut";"0"
"ohio";"0"
"specif";"0"
"spring";"0"
"red";"0"
"shack";"0"
"sampl";"0"
"finish";"0"
"atticus";"0"
"georg";"0"
"add";"0"
"initi";"0"
"eli";"0"
"pose";"0"
"amend";"0"
"shade";"0"
"jail";"0"
"gather";"0"
"insist";"0"
"discrimin";"0"
"respect";"0"
"transact";"0"
"canada";"0"
"shell";"0"
"altern";"0"
"washington";"0"
"trust";"0"
"sorri";"0"
"ride";"0"
"consequ";"0"
"prevent";"0"
"stretch";"0"
"accomplish";"0"
"softwar";"0"
"rico";"0"
"attitud";"0"
"strang";"0"
"volunt";"0"
"intersect";"0"
"particip";"0"
"pour";"0"
"rich";"0"
"rick";"0"
"label";"0"
"estim";"0"
"special";"0"
"forum";"0"
"truth";"0"
"numer";"0"
"gift";"0"
"sensit";"0"
"career";"0"
"donat";"0"
"specul";"0"
"shouldnt";"0"
"cabl";"0"
"properti";"0"
"agr";"0"
"moral";"0"
"identifi";"0"
"punish";"0"
"rebus";"0"
"newli";"0"
"partnership";"0"
"shape";"0"
"invit";"0"
"tough";"0"
"driver";"0"
"spot";"0"
"raylan";"0"
"driven";"0"
"hardi";"0"
"inaugur";"0"
"aid";"0"
"jame";"0"
"toni";"0"
"singer";"0"
"aim";"0"
"tone";"0"
"milit";"0"
"air";"0"
"cell";"0"
"holiday";"0"
"retail";"0"
"remind";"0"
"crew";"0"
"defeat";"0"
"pictur";"0"
"aesthet";"0"
"assur";"0"
"assum";"0"
"era";"0"
"locat";"0"
"yield";"0"
"historian";"0"
"chairman";"0"
"climber";"0"
"boat";"0"
"notic";"0"
"sharp";"0"
"slip";"0"
"cite";"0"
"disclo";"0"
"pleasur";"0"
"logic";"0"
"movement";"0"
"francisco";"0"
"shed";"0"
"donald";"0"
"shake";"0"
"honor";"0"
"screen";"0"
"mexican";"0"
"correspond";"0"
"trial";"0"
"villag";"0"
"bureau";"0"
"net";"0"
"oblig";"0"
"border";"0"
"escap";"0"
"belov";"0"
"touch";"0"
"runway";"0"
"tool";"0"
"sensor";"0"
"bodi";"0"
"joseph";"0"
"rob";"0"
"medic";"0"
"trick";"0"
"revolut";"0"
"disappoint";"0"
"islam";"0"
"resolv";"0"
"today";"0"
"chose";"0"
"predict";"0"
"row";"0"
"harder";"0"
"expo";"0"
"ann";"0"
"transport";"0"
"strategi";"0"
"dedic";"0"
"territori";"0"
"super";"0"
"femal";"0"
"shes";"0"
"martin";"0"
"estat";"0"
"ring";"0"
"maintain";"0"
"shift";"0"
"ship";"0"
"echo";"0"
"johnson";"0"
"jan";"0"
"english";"0"
"annual";"0"
"mistak";"0"
"outrag";"0"
"resort";"0"
"shoulder";"0"
"app";"0"
"margin";"0"
"mysteri";"0"
"broke";"0"
"circumst";"0"
"mount";"0"
"demand";"0"
"slow";"0"
"deposit";"0"
"necessarili";"0"
"flash";"0"
"iowa";"0"
"appl";"0"
"recommend";"0"
"experienc";"0"
"perri";"0"
"worth";"0"
"notion";"0"
"gray";"0"
"grace";"0"
"broader";"0"
"popular";"0"
"arm";"0"
"devic";"0"
"broken";"0"
"vice";"0"
"innov";"0"
"balanc";"0"
"tour";"0"
"wilson";"0"
"classic";"0"
"kick";"0"
"lincoln";"0"
"essenti";"0"
"rachel";"0"
"principl";"0"
"grab";"0"
"understood";"0"
"strength";"0"
"florida";"0"
"jeb";"0"
"innoc";"0"
"philip";"0"
"microsoft";"0"
"bomb";"0"
"worri";"0"
"acknowledg";"0"
"huge";"0"
"discov";"0"
"oppon";"0"
"solver";"0"
"hugh";"0"
"difficulti";"0"
"imposs";"0"
"town";"0"
"examin";"0"
"effici";"0"
"camp";"0"
"introduc";"0"
"museum";"0"
"wealthi";"0"
"aliv";"0"
"worst";"0"
"enemi";"0"
"neighborhood";"0"
"physic";"0"
"notabl";"0"
"nod";"0"
"shop";"0"
"hidden";"0"
"import";"0"
"string";"0"
"submit";"0"
"color";"0"
"mood";"0"
"alli";"0"
"boom";"0"
"reli";"0"
"attract";"0"
"truck";"0"
"noi";"0"
"disappear";"0"
"ava";"0"
"shot";"0"
"button";"0"
"scientif";"0"
"comput";"0"
"central";"0"
"defend";"0"
"leagu";"0"
"factor";"0"
"boot";"0"
"shoe";"0"
"greek";"0"
"wisconsin";"0"
"negoti";"0"
"elizabeth";"0"
"green";"0"
"associ";"0"
"race";"0"
"europ";"0"
"duti";"0"
"greet";"0"
"bond";"0"
"grew";"0"
"way";"0"
"target";"0"
"knowledg";"0"
"what";"0"
"mouth";"0"
"urban";"0"
"african";"0"
"israel";"0"
"risk";"0"
"comprehen";"0"
"stranger";"0"
"window";"0"
"rise";"0"
"yard";"0"
"rebel";"0"
"fought";"0"
"poldark";"0"
"rent";"0"
"jim";"0"
"cast";"0"
"fan";"0"
"stuck";"0"
"greec";"0"
"broad";"0"
"electron";"0"
"catch";"0"
"cash";"0"
"nearbi";"0"
"give";"0"
"item";"0"
"multipl";"0"
"violet";"0"
"chester";"0"
"lyft";"0"
"jimmi";"0"
"destin";"0"
"explicit";"0"
"teenag";"0"
"moor";"0"
"style";"0"
"explor";"0"
"suit";"0"
"card";"0"
"assault";"0"
"boss";"0"
"orang";"0"
"guard";"0"
"fcc";"0"
"pattern";"0"
"terribl";"0"
"gain";"0"
"couldnt";"0"
"caus";"0"
"modern";"0"
"freedom";"0"
"violat";"0"
"web";"0"
"wed";"0"
"dian";"0"
"stress";"0"
"disput";"0"
"rescu";"0"
"born";"0"
"display";"0"
"morn";"0"
"bore";"0"
"wrong";"0"
"mexico";"0"
"shirt";"0"
"inflat";"0"
"harri";"0"
"cruz";"0"
"advanc";"0"
"stuff";"0"
"shut";"0"
"feb";"0"
"fed";"0"
"arrest";"0"
"fee";"0"
"section";"0"
"nur";"0"
"simpli";"0"
"cloud";"0"
"georgia";"0"
"luca";"0"
"threaten";"0"
"talent";"0"
"england";"0"
"rain";"0"
"hunt";"0"
"adam";"0"
"desper";"0"
"king";"0"
"profil";"0"
"kind";"0"
"eleg";"0"
"daili";"0"
"plea";"0"
"transfer";"0"
"phrase";"0"
"veteran";"0"
"imagin";"0"
"keep";"0"
"elev";"0"
"topic";"0"
"daughter";"0"
"option";"0"
"cloth";"0"
"appreci";"0"
"weigh";"0"
"joe";"0"
"largest";"0"
"paulin";"0"
"crucial";"0"
"faith";"0"
"remark";"0"
"captain";"0"
"uber";"0"
"bowl";"0"
"resid";"0"
"highlight";"0"
"donor";"0"
"joy";"0"
"reject";"0"
"sad";"0"
"arrang";"0"
"curat";"0"
"sheet";"0"
"peanut";"0"
"david";"0"
"profit";"0"
"win";"0"
"lawyer";"0"
"breach";"0"
"rest";"0"
"san";"0"
"soccer";"0"
"amount";"0"
"wit";"0"
"album";"0"
"sat";"0"
"vacat";"0"
"prosecutor";"0"
"truli";"0"
"differ";"0"
"spread";"0"
"histor";"0"
"afternoon";"0"
"illeg";"0"
"situat";"0"
"favor";"0"
"various";"0"
"archiv";"0"
"latter";"0"
"clinic";"0"
"front";"0"
"approv";"0"
"confus";"0"
"confid";"0"
"extent";"0"
"plane";"0"
"mentor";"0"
"bag";"0"
"luxuri";"0"
"academ";"0"
"ban";"0"
"fit";"0"
"robot";"0"
"suffer";"0"
"bar";"0"
"gentl";"0"
"offen";"0"
"fix";"0"
"complex";"0"
"draft";"0"
"honest";"0"
"giant";"0"
"rank";"0"
"angri";"0"
"bay";"0"
"favorit";"0"
"rang";"0"
"despit";"0"
"sure";"0"
"draghi";"0"
"extend";"0"
"plastic";"0"
"globe";"0"
"delay";"0"
"constitut";"0"
"boyd";"0"
"broadband";"0"
"plant";"0"
"folk";"0"
"drive";"0"
"elit";"0"
"brother";"0"
"hurt";"0"
"frank";"0"
"strong";"0"
"whos";"0"
"prove";"0"
"scheme";"0"
"affect";"0"
"dead";"0"
"elli";"0"
"sea";"0"
"sec";"0"
"vaccin";"0"
"see";"0"
"domin";"0"
"search";"0"
"longtim";"0"
"sudden";"0"
"civil";"0"
"franc";"0"
"panel";"0"
"dear";"0"
"foot";"0"
"compromi";"0"
"fli";"0"
"contain";"0"
"founder";"0"
"sex";"0"
"column";"0"
"familiar";"0"
"survivor";"0"
"actor";"0"
"infrastructur";"0"
"hadnt";"0"
"somewhat";"0"
"voter";"0"
"river";"0"
"equiti";"0"
"provi";"0"
"bed";"0"
"de";"0"
"wordplay";"0"
"ben";"0"
"justic";"0"
"bet";"0"
"beauti";"0"
"startup";"0"
"won";"0"
"rare";"0"
"contact";"0"
"wor";"0"
"ea";"0"
"franci";"0"
"michel";"0"
"digit";"0"
"sharehold";"0"
"portray";"0"
"carri";"0"
"complain";"0"
"integr";"0"
"aggress";"0"
"adjust";"0"
"activ";"0"
"western";"0"
"selina";"0"
"frame";"0"
"compar";"0"
"compet";"0"
"indic";"0"
"deep";"0"
"maryland";"0"
"compel";"0"
"depress";"0"
"india";"0"
"content";"0"
"collector";"0"
"fox";"0"
"burden";"0"
"plot";"0"
"jersey";"0"
"regulatori";"0"
"skill";"0"
"client";"0"
"exclus";"0"
"accid";"0"
"promot";"0"
"class";"0"
"settl";"0"
"contend";"0"
"sit";"0"
"battl";"0"
"harper";"0"
"over";"0"
"spanish";"0"
"brilliant";"0"
"six";"0"
"bound";"0"
"kept";"0"
"dinner";"0"
"lucki";"0"
"clark";"0"
"farmer";"0"
"restor";"0"
"avoid";"0"
"renew";"0"
"fort";"0"
"fresh";"0"
"foundat";"0"
"bid";"0"
"prompt";"0"
"merger";"0"
"assign";"0"
"expert";"0"
"degr";"0"
"select";"0"
"crowd";"0"
"canadian";"0"
"easili";"0"
"sick";"0"
"ventur";"0"
"fiorina";"0"
"carol";"0"
"corner";"0"
"william";"0"
"context";"0"
"decemb";"0"
"join";"0"
"id";"0"
"drag";"0"
"promin";"0"
"moder";"0"
"french";"0"
"ii";"0"
"lower";"0"
"termin";"0"
"index";"0"
"candidaci";"0"
"fascin";"0"
"inevit";"0"
"drink";"0"
"odd";"0"
"surviv";"0"
"christma";"0"
"contrast";"0"
"john";"0"
"anxieti";"0"
"viewer";"0"
"brought";"0"
"librari";"0"
"weekend";"0"
"jr";"0"
"amaz";"0"
"tournament";"0"
"settlement";"0"
"bankruptci";"0"
"camera";"0"
"belief";"0"
"delight";"0"
"creator";"0"
"centuri";"0"
"draw";"0"
"joke";"0"
"comfort";"0"
"hide";"0"
"la";"0"
"fun";"0"
"auto";"0"
"constant";"0"
"angel";"0"
"northern";"0"
"anger";"0"
"jone";"0"
"high";"0"
"faster";"0"
"split";"0"
"son";"0"
"conclud";"0"
"limit";"0"
"claim";"0"
"porter";"0"
"administr";"0"
"contest";"0"
"level";"0"
"alabama";"0"
"establish";"0"
"plus";"0"
"amazon";"0"
"complic";"0"
"coat";"0"
"expand";"0"
"bob";"0"
"dish";"0"
"fiscal";"0"
"dream";"0"
"essay";"0"
"updat";"0"
"survey";"0"
"coal";"0"
"oregon";"0"
"legisl";"0"
"heat";"0"
"murphi";"0"
"code";"0"
"bridg";"0"
"mental";"0"
"box";"0"
"schedul";"0"
"boy";"0"
"racial";"0"
"switch";"0"
"total";"0"
"deni";"0"
"oil";"0"
"divi";"0"
"immun";"0"
"oh";"0"
"possibl";"0"
"somehow";"0"
"thoma";"0"
"ok";"0"
"dynam";"0"
"brief";"0"
"disclosur";"0"
"technic";"0"
"economist";"0"
"lobbi";"0"
"clair";"0"
"conclus";"0"
"cross";"0"
"cousin";"0"
"confer";"0"
"drew";"0"
"pretti";"0"
"extrem";"0"
"equip";"0"
"earth";"0"
"easier";"0"
"vermont";"0"
"solitari";"0"
"pm";"0"
"coff";"0"
"hospit";"0"
"stood";"0"
"paint";"0"
"behalf";"0"
"environ";"0"
"audienc";"0"
"vari";"0"
"putin";"0"
"clever";"0"
"reddit";"0"
"damag";"0"
"exhibit";"0"
"drawn";"0"
"brand";"0"
"exerci";"0"
"varieti";"0"
"edit";"0"
"ancient";"0"
"accept";"0"
"seat";"0"
"mission";"0"
"wander";"0"
"adopt";"0"
"attorney";"0"
"destruct";"0"
"privaci";"0"
"advi";"0"
"endor";"0"
"guarant";"0"
"dunham";"0"
"currenc";"0"
"access";"0"
"secretari";"0"
"seed";"0"
"languag";"0"
"seek";"0"
"sun";"0"
"seem";"0"
"mcdonald";"0"
"persist";"0"
"implic";"0"
"sp";"0"
"key";"0"
"apart";"0"
"communic";"0"
"st";"0"
"storm";"0"
"one";"0"
"anymor";"0"
"maker";"0"
"amid";"0"
"launch";"0"
"store";"0"
"interv";"0"
"closer";"0"
"flower";"0"
"emerg";"0"
"hedg";"0"
"confirm";"0"
"pledg";"0"
"pull";"0"
"hill";"0"
"enforc";"0"
"remov";"0"
"appoint";"0"
"dealer";"0"
"counti";"0"
"assist";"0"
"vast";"0"
"fourth";"0"
"typic";"0"
"makeup";"0"
"bus";"0"
"symbol";"0"
"tv";"0"
"dialogu";"0"
"express";"0"
"zero";"0"
"yahoo";"0"
"written";"0"
"passion";"0"
"sector";"0"
"markham";"0"
"usual";"0"
"solut";"0"
"hillari";"0"
"hint";"0"
"desk";"0"
"know";"0"
"electr";"0"
"sing";"0"
"gilmor";"0"
"region";"0"
"drop";"0"
"apolog";"0"
"preview";"0"
"euro";"0"
"brazil";"0"
"hire";"0"
"kid";"0"
"cold";"0"
"pure";"0"
"gas";"0"
"throughout";"0"
"smartphon";"0"
"danc";"0"
"parad";"0"
"gay";"0"
"choic";"0"
"normal";"0"
"slight";"0"
"corrupt";"0"
"wide";"0"
"previous";"0"
"newspap";"0"
"rever";"0"
"departur";"0"
"teach";"0"
"distribut";"0"
"graduat";"0"
"stone";"0"
"xi";"0"
"massachusett";"0"
"succeed";"0"
"deeper";"0"
"revel";"0"
"restaur";"0"
"individu";"0"
"sourc";"0"
"held";"0"
"justifi";"0"
"realiz";"0"
"deepli";"0"
"conf";"0"
"none";"0"
"type";"0"
"beyond";"0"
"hell";"0"
"april";"0"
"road";"0"
"sight";"0"
"weather";"0"
"routin";"0"
"goal";"0"
"method";"0"
"collap";"0"
"contract";"0"
"johnni";"0"
"banker";"0"
"exist";"0"
"insight";"0"
"propo";"0"
"penalti";"0"
"seiz";"0"
"opportun";"0"
"exact";"0"
"lift";"0"
"regist";"0"
"sexual";"0"
"educ";"0"
"flag";"0"
"north";"0"
"wear";"0"
"copi";"0"
"weak";"0"
"rock";"0"
"confess";"0"
"impress";"0"
"gen";"0"
"flaw";"0"
"climat";"0"
"promi";"0"
"flat";"0"
"assert";"0"
"dark";"0"
"maggi";"0"
"accus";"0"
"packag";"0"
"place";"0"
"regular";"0"
"festiv";"0"
"cellphon";"0"
"bubbl";"0"
"cook";"0"
"bigger";"0"
"reviv";"0"
"cool";"0"
"downton";"0"
"militari";"0"
"suspect";"0"
"brain";"0"
"observ";"0"
"site";"0"
"depth";"0"
"assess";"0"
"asset";"0"
"owe";"0"
"minimum";"0"
"chemic";"0"
"date";"0"
"magic";"0"
"dress";"0"
"obsess";"0"
"argument";"0"
"reveal";"0"
"utter";"0"
"own";"0"
"begun";"0"
"separ";"0"
"blog";"0"
"dozen";"0"
"drug";"0"
"circl";"0"
"plain";"0"
"blow";"0"
"replac";"0"
"embrac";"0"
"activist";"0"
"tap";"0"
"proud";"0"
"curious";"0"
"sent";"0"
"colleg";"0"
"core";"0"
"council";"0"
"fraud";"0"
"safe";"0"
"ground";"0"
"visitor";"0"
"send";"0"
"here";"0"
"deliv";"0"
"link";"0"
"scale";"0"
"graham";"0"
"distinct";"0"
"becom";"0"
"hero";"0"
"tune";"0"
"drama";"0"
"hair";"0"
"award";"0"
"satisfi";"0"
"cat";"0"
"februari";"0"
"station";"0"
"recoveri";"0"
"davi";"0"
"player";"0"
"smooth";"0"
"nose";"0"
"inmat";"0"
"racism";"0"
"sept";"0"
"will";"0"
"readi";"0"
"smoke";"0"
"match";"0"
"categori";"0"
"intent";"0"
"divest";"0"
"racist";"0"
"rival";"0"
"wild";"0"
"intend";"0"
"snap";"0"
